{
  "accuracy": 0.8666666666666667,
  "precision": 0.8741258741258742,
  "recall": 0.9689922480620154,
  "f1": 0.9191176470588235,
  "roc_auc": 0.9008397932816536
}