{
  "train_loss": [
    0.514873382507586,
    0.47050028455023674,
    0.4587204655011495,
    0.4408900258587856,
    0.4321799471097834,
    0.43390514803867714,
    0.42137421287742316,
    0.4163897867296256,
    0.4197137981068854,
    0.40962573652173956,
    0.4106626826174119,
    0.4127175013224284,
    0.4076349080777636,
    0.40913132008384256,
    0.39461468949037437,
    0.4009941284563027,
    0.4002733172154894,
    0.4023044424898484,
    0.39592112337841706,
    0.39590367324212017,
    0.39990605384695765,
    0.38779692702433644,
    0.38371146017429875,
    0.38091450169974683,
    0.37813277747116836,
    0.3824173159459058,
    0.383706425334893,
    0.3747670434269251,
    0.3751979020296359,
    0.37494582288405476,
    0.37560249339131746,
    0.3705849416700064,
    0.3814163698869593,
    0.37327811121940613,
    0.36827260869390827,
    0.373529328435075,
    0.37231679728218153,
    0.36626610276745813,
    0.3602625067327537,
    0.36941780705077976,
    0.37058509740174983,
    0.36031877059562534,
    0.35654546904797646,
    0.36497145599009945,
    0.36436732171797287,
    0.3606142612064586,
    0.36191651926321144,
    0.3545404178839104,
    0.3601486723796994,
    0.36191477027593877,
    0.3501591764244379,
    0.35138775788101495
  ],
  "val_loss": [
    0.5292974784970284,
    0.5672980286180973,
    0.4968835450708866,
    0.5022039115428925,
    0.5091885253787041,
    0.4893826097249985,
    0.4940202161669731,
    0.484821829944849,
    0.47685656696558,
    0.49581677094101906,
    0.4514026567339897,
    0.4785665161907673,
    0.4755731076002121,
    0.47093332931399345,
    0.5099700093269348,
    0.4877012073993683,
    0.4776250571012497,
    0.48747221380472183,
    0.4696912243962288,
    0.5036297366023064,
    0.4365916848182678,
    0.4680764265358448,
    0.4487342908978462,
    0.4565727598965168,
    0.4943120665848255,
    0.494404923170805,
    0.4864467717707157,
    0.47793568670749664,
    0.46775730326771736,
    0.4796328768134117,
    0.4899746961891651,
    0.46220071986317635,
    0.48640969209373,
    0.4563351310789585,
    0.4842512421309948,
    0.4748357869684696,
    0.477497361600399,
    0.4665760211646557,
    0.5232682880014181,
    0.45961426571011543,
    0.4759543277323246,
    0.4602769650518894,
    0.48980676755309105,
    0.4502687640488148,
    0.49629345536231995,
    0.4549548104405403,
    0.46530769020318985,
    0.6789725124835968,
    0.47162362933158875,
    0.4792282395064831,
    0.48123567178845406,
    0.4971041642129421
  ],
  "learning_rate": [
    0.000999938933078422,
    0.000999755747381037,
    0.000999450488106175,
    0.0009990232305719944,
    0.0009984740801978983,
    0.0009978031724785245,
    0.000997010672950314,
    0.0009960967771506664,
    0.0009950617105696957,
    0.0009939057285945929,
    0.0009926291164466126,
    0.0009912321891107005,
    0.0009897152912577737,
    0.0009880787971596797,
    0.0009863231105968495,
    0.000984448664758672,
    0.0009824559221366096,
    0.0009803453744100864,
    0.0009781175423251728,
    0.0009757729755661004,
    0.0009733122526196342,
    0.000970735980632341,
    0.0009680447952607838,
    0.0009652393605146839,
    0.0009623203685930864,
    0.00095928853971357,
    0.0009561446219345448,
    0.0009528893909706791,
    0.0009495236500015041,
    0.0009460482294732414,
    0.0009424639868939027,
    0.0009387718066217117,
    0.000934972599646904,
    0.0009310673033669515,
    0.0009270568813552751,
    0.0009229423231234969,
    0.0009187246438772933,
    0.0009144048842659075,
    0.0009099841101253861,
    0.0009054634122155986,
    0.0009008439059511095,
    0.0008961267311259662,
    0.0008913130516324728,
    0.0008864040551740152,
    0.000881400952972015,
    0.0008763049794670771,
    0.0008711173920144113,
    0.0008658394705735983,
    0.0008604725173927781,
    0.0008550178566873405,
    0.0008494768343131951,
    0.0008438508174347005
  ]
}